Name,ECLP time,ECLP nodes,ECLP cost,ALL time,ALL nodes,ALL cost,GOOD RF time,GOOD RF nodes,GOOD RF cost,GOOD NN time,GOOD NN nodes,GOOD NN cost,RAND70 time,RAND70 nodes,RAND70 cost,RAND50 time,RAND50 nodes,RAND50 cost
morphed20-2-10_maxregret,11.166854508,13269,284,8.289906793,5957,284,7.26212184,6043,284,7.866335004,6466,284,10.773258456,9401,284,10.317929162,8642,284
morphed20-2-11_maxregret,320.962506938,412624,328,207.058041908,156497,328,189.754139306,159883,328,188.651048346,158097,328,313.583158707,296848,328,275.570622268,253886,328
morphed20-2-12_maxregret,42.069591579,47279,304,35.190345035,23010,304,34.014734258,24540,304,33.008384244,23390,304,41.598757237,34596,304,46.974038866,34714,304
morphed20-2-13_maxregret,22.605096884,27999,297,26.841417536,21053,297,24.339679553,21324,297,26.556282941,22406,297,25.77362033,24221,297,25.717135015,23253,297
morphed20-2-14_maxregret,59.974235872,64078,301,44.010079168,29512,301,39.553520264,29699,301,41.627651956,30454,301,64.466626639,51307,301,51.757353619,39485,301
morphed20-2-15_maxregret,7.229518289,8230,324,5.131563659,3550,324,4.784548527,3771,324,5.107032499,3768,324,7.421328824,6301,324,6.369234339,5213,324
morphed20-2-16_maxregret,7.68609153,7245,308,7.198714349,4509,308,6.422607233,4547,308,6.578732374,4568,308,8.018530446,5773,308,9.085606219,6132,308
morphed20-2-1_maxregret,2.89854168,2969,276,4.039282207,2890,276,3.695278331,3011,276,3.848114681,2899,276,5.020604144,4323,276,4.559760321,3937,276
morphed20-2-2_maxregret,0.65305075,473,245,0.902098663,418,245,0.786985337,418,245,0.849638021,429,245,0.833805951,469,245,0.860824542,472,245
morphed20-2-3_maxregret,3.835676986,4205,305,4.124798411,2786,305,3.991008338,2990,305,4.036942814,2893,305,4.087746395,3256,305,4.728946707,3604,305
morphed20-2-4_maxregret,5.108985408,6653,341,4.763917432,3422,341,4.14177528,3402,341,4.185354798,3434,341,4.680036349,4546,341,7.014277846,6606,341
morphed20-2-5_maxregret,1.803820458,1542,328,2.616952294,1487,328,2.333131481,1505,328,2.402916056,1493,328,2.191242701,1373,328,2.5554289,1645,328
morphed20-2-6_maxregret,98.741163941,126838,329,78.903277923,63000,329,72.753619135,63779,329,74.695241587,65015,329,108.836203458,110626,329,98.607758822,89038,329
morphed20-2-7_maxregret,54.604746189,60344,314,43.220322164,30102,314,41.320045573,31574,314,44.729515986,33264,314,55.898428453,45527,314,53.205559609,40803,314
morphed20-2-8_maxregret,0.238703544,62,286,0.298992964,54,286,0.291513386,54,286,0.292048908,54,286,0.291029851,58,286,0.29450485,57,286
morphed20-2-9_maxregret,40.95848203,44445,361,28.660758074,19451,361,26.764758359,20035,361,27.304866626,19715,361,43.08722813,34650,361,41.268507478,31675,361
morphed21-5-10_maxregret,32.718400974,31337,329,28.540837717,17659,329,26.236972356,18052,329,27.220148015,17774,329,34.954800871,25709,329,32.499527796,23281,329
morphed21-5-11_maxregret,5.064430763,4926,337,5.947848095,3779,337,5.628950696,3948,337,5.519867613,3905,337,6.365612988,4690,337,6.276721575,4415,337
morphed21-5-12_maxregret,30.344422799,28021,336,31.219837793,18163,336,31.091886263,20226,336,31.296091567,20293,336,36.81806709,25398,336,37.070941846,24275,336
morphed21-5-13_maxregret,5.123109016,3527,363,8.207920031,3804,363,6.588198375,3317,363,6.551315164,3318,363,7.70019265,4084,363,8.216471689,4120,363
morphed21-5-14_maxregret,22.400717221,23644,355,25.124096953,16612,355,23.283048367,16979,355,23.338525938,17155,355,25.015638046,19423,355,27.12525624,20077,355
morphed21-5-15_maxregret,8.62224255,8559,354,8.099988607,4845,354,7.327148219,5006,354,7.405960861,4999,354,10.666856717,7924,354,8.268746037,5360,354
morphed21-5-16_maxregret,94.348685643,98514,374,58.905562823,36873,374,60.302030964,41488,374,61.787340365,41068,374,92.249971785,72797,374,102.826547832,73947,374
morphed21-5-1_maxregret,1.546777208,1552,321,1.747515249,1190,321,1.625470257,1231,321,1.607737549,1216,321,1.864398508,1503,321,1.932103106,1445,321
morphed21-5-2_maxregret,1.376258996,978,300,1.681504592,794,300,1.625118444,867,300,1.657523047,867,300,1.712929423,940,300,1.773445804,926,300
morphed21-5-3_maxregret,42.873992978,45380,359,34.4754743,22060,359,30.957723354,22634,359,31.600611427,22523,359,43.650580734,34682,359,40.82510109,28517,359
morphed21-5-4_maxregret,5.169456333,4692,317,5.388630454,3114,317,4.916853489,3226,317,4.981244635,3169,317,6.269306487,4343,317,5.380513857,3501,317
morphed21-5-5_maxregret,1.951118216,1820,341,3.147136773,2187,341,2.090654158,1434,341,2.122376591,1452,341,2.223731755,1455,341,1.988808652,1255,341
morphed21-5-6_maxregret,4.446833373,4236,352,4.946307647,3061,352,4.36207206,3104,352,4.394600697,3142,352,5.039537699,3726,352,5.279866922,3673,352
morphed21-5-7_maxregret,10.064132488,9306,390,10.601346372,6063,390,9.370946141,6440,390,9.075596445,6300,390,12.073631233,8270,390,11.194283467,7157,390
morphed21-5-8_maxregret,13.826715082,14029,354,15.95354089,10177,354,13.865963123,10396,354,14.122128318,10363,354,15.460895595,12248,354,15.273604582,10789,354
morphed21-5-9_maxregret,0.286467082,115,378,0.350445567,87,378,0.340503004,87,378,0.333269624,90,378,0.352489288,113,378,0.369721571,99,378
morphed22-2-10_maxregret,47.788483599,44581,277,47.915359533,27134,277,45.728494486,28842,277,43.690664756,27607,277,53.886686236,37231,277,58.114263716,37802,277
morphed22-2-11_maxregret,5.505247202,5374,242,5.509232225,3334,242,4.787395285,3351,242,4.778880045,3383,242,6.835734099,4969,242,6.871827226,4720,242
morphed22-2-12_maxregret,3600,4597641,_17203944,161.044753417,115884,325,156.039770645,126478,325,152.086406561,116873,325,375.049524922,353604,325,329.735316671,286882,325
morphed22-2-13_maxregret,8.155656151,7139,287,16.352737082,10050,287,15.505296203,11051,287,15.764130019,11011,287,9.87340875,6452,287,15.481888047,10779,287
morphed22-2-14_maxregret,238.027497017,255070,333,239.508890344,157609,333,219.817715254,158590,333,215.014785028,157873,333,282.820707324,228659,333,262.335988511,194348,333
morphed22-2-15_maxregret,1487.856157652,1759597,385,654.668286676,449024,385,597.615920211,463008,385,604.221757887,453540,385,1080.150313365,940945,385,1152.091590149,932473,385
morphed22-2-16_maxregret,11.376284737,8365,277,15.429416366,7458,277,13.454133152,7496,277,13.461865573,7310,277,14.426753851,8089,277,15.051352619,7898,277
morphed22-2-1_maxregret,126.04829328,175671,320,213.385838012,173195,320,191.034051014,174510,320,191.654150472,172986,320,141.646739332,138749,320,144.742901063,135933,320
morphed22-2-2_maxregret,0.281395451,105,290,0.29066884,34,290,0.285059508,34,290,0.322153953,34,290,0.283257478,35,290,0.318577188,34,290
morphed22-2-3_maxregret,74.427422458,78000,301,72.325384554,49183,301,71.222014641,55383,301,72.637291134,55486,301,84.90820664,67240,301,83.249493537,63636,301
morphed22-2-4_maxregret,233.947358301,223700,368,229.513744263,135792,368,205.83684698,137265,368,210.274361231,140051,368,262.730011407,192746,368,246.609802501,168044,368
morphed22-2-5_maxregret,1.347878527,1475,335,1.198488064,804,335,1.150255624,804,335,1.114125176,781,335,1.155293107,867,335,1.682635737,1361,335
morphed22-2-6_maxregret,21.047264096,22382,361,21.846503888,13999,361,19.674699949,14435,361,20.027892984,14570,361,25.42683976,19991,361,23.433769864,17000,361
morphed22-2-7_maxregret,0.255763243,62,303,0.32810236,56,303,0.320892365,57,303,0.346338777,56,303,0.31727898,47,303,0.392543605,103,303
morphed22-2-8_maxregret,2.845867058,2896,294,2.316869499,1595,294,2.076048199,1542,294,2.054503984,1555,294,3.015370476,2138,294,3.450359039,2328,294
morphed22-2-9_maxregret,49.261736795,49516,380,41.864973038,27314,380,38.59450981,28459,380,38.497766162,28480,380,51.678930316,41220,380,50.960719285,37977,380
morphed23-5-10_maxregret,47.270412222,44138,315,47.081096559,26763,315,45.903027803,29569,315,46.579352075,29459,315,62.216849986,44317,315,60.080746054,39410,315
morphed23-5-11_maxregret,21.611776522,18890,350,24.182568466,12408,350,21.732669528,13010,350,21.534328654,13172,350,26.432442213,16715,350,25.960775558,15565,350
morphed23-5-12_maxregret,20.130083133,19379,352,45.752292216,29912,352,18.168382069,11603,352,19.802066588,13443,352,20.529489552,14392,352,19.312510466,13393,352
morphed23-5-13_maxregret,58.079286181,53990,384,50.161448056,28524,384,44.84623893,29012,384,45.271740589,28913,384,64.952757227,44692,384,60.980969056,40429,384
morphed23-5-14_maxregret,3.497492629,3368,319,4.752908376,2909,319,4.208821721,2935,319,4.321133942,2929,319,4.690797442,3283,319,4.50267655,2991,319
morphed23-5-15_maxregret,72.60805249,67600,338,63.341785816,36572,338,56.610573479,37214,338,58.038929138,36899,338,84.853209076,57675,338,73.217869087,47785,338
morphed23-5-16_maxregret,10.055261782,8294,365,11.66392192,5632,365,10.775771673,6280,365,11.290957015,6296,365,11.589116582,6786,365,12.686287592,7073,365
morphed23-5-1_maxregret,34.346178416,32381,372,43.643476904,26376,372,42.954155399,28371,372,42.413525603,27865,372,39.904765339,29533,372,44.885285896,30240,372
morphed23-5-2_maxregret,0.92256923,792,370,1.06360446,529,370,0.943303692,503,370,0.930048646,497,370,1.162960736,752,370,1.276589973,817,370
morphed23-5-3_maxregret,34.505302426,33447,339,29.408613017,17430,339,27.980538133,19576,339,26.41695007,17719,339,42.678669087,31673,339,34.770048415,22450,339
morphed23-5-4_maxregret,121.276865089,115127,403,120.803132688,73026,403,132.8291543,85795,403,131.279610614,86376,403,129.205733413,90101,403,168.202244015,111984,403
morphed23-5-5_maxregret,48.3635903,42516,372,49.113940584,26883,372,44.369923794,28845,372,44.809278307,28137,372,57.868590937,39248,372,57.629223301,37500,372
morphed23-5-6_maxregret,54.032723964,51140,360,66.355445139,39447,360,64.661650401,43325,360,64.959923907,42403,360,63.008240293,44835,360,60.181816362,39469,360
morphed23-5-7_maxregret,77.486453343,67316,414,79.713268179,45926,414,72.39167397,46818,414,75.661338651,46267,414,92.639205291,62708,414,91.120346666,56704,414
morphed23-5-8_maxregret,63.596589069,67716,388,71.311434748,49016,388,67.704882303,52059,388,68.273720639,51117,388,75.493159111,61645,388,75.014740785,58153,388
morphed23-5-9_maxregret,7.984712332,6949,364,9.219372695,4961,364,8.155091324,5003,364,8.286899606,4996,364,9.214045126,5944,364,9.169284878,5605,364
morphed24-2-10_maxregret,912.364212194,885912,343,662.197546355,416793,343,604.993605401,425846,343,626.353601855,421812,343,1004.600372708,750675,343,844.716417535,593677,343
morphed24-2-11_maxregret,2.861941406,2704,274,2.182973989,1311,274,1.921671636,1328,274,2.289904543,1428,274,3.033538606,2236,274,2.769683128,1872,274
morphed24-2-12_maxregret,155.370564193,135725,303,153.801493922,83773,303,137.600646069,84534,303,142.193136404,84319,303,162.911033634,107996,303,176.52904366,109881,303
morphed24-2-13_maxregret,992.087074676,1027308,338,532.913971836,333220,338,499.378873526,353502,338,502.734746963,345764,338,1034.669133053,793034,338,801.300153531,577509,338
morphed24-2-14_maxregret,543.283612811,515067,313,578.101217475,336292,313,548.27873183,368862,313,568.190663569,364402,313,641.900949728,465119,313,686.460993147,444848,313
morphed24-2-15_maxregret,24.705161753,21326,310,32.27182893,18740,310,30.386725824,19691,310,31.261942096,19238,310,33.177295117,22682,310,35.646869884,23226,310
morphed24-2-16_maxregret,7.375596925,7877,321,3.184883063,1773,321,2.987629849,1943,321,3.143265468,1989,321,8.31322518,6504,321,5.782941301,4176,321
morphed24-2-1_maxregret,7.061114064,6753,349,6.843523455,4203,349,6.03872675,4286,349,6.404251424,4305,349,8.037293727,5582,349,7.715592663,5068,349
morphed24-2-2_maxregret,16.284732552,15543,258,17.317830374,10437,258,15.325351838,10878,258,15.612817974,10511,258,16.776658796,12328,258,18.851623971,12905,258
morphed24-2-3_maxregret,3600,5255426,_18757365,3600,3027044,_19038393,3600,3392459,_19038240,3600,3264123,_19038241,3600,3692464,_19038239,3600,3488675,_19038395
morphed24-2-4_maxregret,2250.262705184,2119228,374,1433.752417451,770136,374,1346.220644398,809080,374,1324.966384893,787850,374,2430.846018524,1651485,374,1781.019666727,1124675,374
morphed24-2-5_maxregret,1090.14917664,938414,333,685.548871944,369352,333,657.914982826,405135,333,698.779943345,408649,333,1179.464518724,781263,333,835.697048331,519611,333
morphed24-2-6_maxregret,11.590080103,9873,308,21.140018845,11321,308,18.150521136,11429,308,18.771387672,11433,308,17.83583417,11249,308,15.363812453,9022,308
morphed24-2-7_maxregret,40.396470178,38436,330,37.459879726,21454,330,70.955809394,57958,330,69.915177954,54091,330,81.335510501,65621,330,57.838270052,40223,330
morphed24-2-8_maxregret,398.824104734,363361,334,299.567735609,166823,334,269.236629224,170532,334,280.283043585,170240,334,438.598745081,294063,334,363.762307035,231834,334
morphed24-2-9_maxregret,90.935537476,104584,331,52.855699026,34485,331,50.251019803,38657,331,55.635598028,40930,331,99.851556795,86558,331,64.054461173,49377,331
morphed25-5-10_maxregret,653.27459624,518378,364,640.639346738,311951,364,634.567484865,352720,364,592.568042635,321216,364,769.843027388,452145,364,740.993080498,415211,364
morphed25-5-11_maxregret,84.899471807,70431,351,100.954896336,53000,351,97.44065797,54710,351,94.662249034,53647,351,105.789200827,66522,351,108.274068861,66034,351
morphed25-5-12_maxregret,260.811553056,273683,376,206.053222912,132248,376,191.372945493,135335,376,187.166323509,134960,376,286.315814909,219991,376,223.09143971,165036,376
morphed25-5-13_maxregret,368.741334942,289321,406,333.175554593,160064,406,328.584828553,172617,406,309.440181193,172151,406,392.660718264,223889,406,373.628432715,203925,406
morphed25-5-14_maxregret,53.671559253,44683,350,64.653804001,33028,350,57.356826558,33765,350,57.134191619,33181,350,69.737979217,43002,350,67.441722893,38969,350
morphed25-5-15_maxregret,21.427087362,18263,358,20.304162568,10638,358,19.279582452,10833,358,19.092741435,10741,358,21.407193337,13644,358,22.745073559,13405,358
morphed25-5-16_maxregret,1084.416283467,1007918,352,835.690529288,478123,352,768.623569708,486941,352,764.441269947,485380,352,1112.417896221,773486,352,1084.060782678,710022,352
morphed25-5-1_maxregret,11.344578654,11841,354,26.588228482,20221,354,29.292603014,23413,354,31.806726493,25727,354,11.889731828,9255,354,10.248333025,7425,354
morphed25-5-2_maxregret,424.278703737,336495,394,317.537254681,150867,394,303.463357096,157775,394,293.344353947,155906,394,435.360387284,250870,394,448.422574122,249801,394
morphed25-5-3_maxregret,120.346214229,102556,342,63.25767078,34891,342,266.58169187,156098,342,249.692470576,149363,342,140.697353289,93812,342,88.630549947,53498,342
morphed25-5-4_maxregret,165.239194124,158078,413,135.992482301,78793,413,125.333053847,81678,413,122.280974463,81199,413,153.210428294,109066,413,164.171912019,108187,413
morphed25-5-5_maxregret,124.201973303,112489,415,74.544693539,41998,415,74.003745384,44713,415,69.857438503,44220,415,136.645781835,95352,415,117.481820685,73733,415
morphed25-5-6_maxregret,66.291298362,58676,365,76.403484243,42516,365,75.719379531,47272,365,68.992861409,43516,365,71.360993874,49128,365,78.67036034,49500,365
morphed25-5-7_maxregret,0.371793037,154,394,0.412578937,114,394,0.43941238,114,394,0.4312191,114,394,0.415723861,129,394,0.489314617,126,394
morphed25-5-8_maxregret,84.2060926,87002,418,69.551910894,47404,418,67.012686846,46805,418,65.027315696,46436,418,94.973475113,75190,418,73.680198367,55390,418
morphed25-5-9_maxregret,144.848734161,118980,398,161.102503025,83853,398,147.257553187,85029,398,147.917710829,85212,398,175.773653138,110284,398,164.687847752,95201,398
morphed26-2-10_maxregret,984.336333843,822330,315,722.43031209,381610,315,656.094283783,390137,315,661.016052454,386403,315,1160.494195408,717512,315,874.935235138,524964,315
morphed26-2-11_maxregret,3600,3371855,_20322867,3600,1965820,_20677968,3600,2242169,_20677646,3600,2170226,_20677808,3600,2571497,_20677646,3600,2298412,_20677646
morphed26-2-12_maxregret,3600,4423027,_20322949,3600,2602671,_20677449,3600,2885455,_20677289,3600,2822756,_20677290,3600,3189769,_20677127,3600,3173373,_20677289
morphed26-2-13_maxregret,3600,3875584,_20322929,3600,2237905,_20678410,3600,2543450,_20678250,3600,2475265,_20678251,3600,2709505,_20678088,3600,2629739,_20678088
morphed26-2-14_maxregret,3600,4140459,_20322977,3600,2500251,_20677552,3600,2835862,_20677392,3600,2727624,_20677231,3600,3056578,_20677230,3600,2919480,_20677553
morphed26-2-15_maxregret,2791.428524821,2397538,325,1595.698880704,782553,325,1521.004679647,845620,325,1536.177621429,846683,325,2518.701755662,1585604,325,2302.306982463,1318643,325
morphed26-2-16_maxregret,1.117394565,552,266,1.478843854,521,266,1.285548581,521,266,1.362422701,521,266,1.386185211,534,266,1.363473339,525,266
morphed26-2-1_maxregret,9.428753839,7765,256,13.214358317,7242,256,12.636080684,7966,256,12.207535208,7400,256,12.820836068,8003,256,13.070234833,8448,256
morphed26-2-2_maxregret,1245.609746276,1099005,320,801.173008018,434711,320,741.129975316,454520,320,772.24478402,466269,320,1154.673814993,756828,320,1171.254128499,678113,320
morphed26-2-3_maxregret,3600,4397519,_20322885,3600,2680010,_20678556,3600,2983234,_20678396,3600,2808974,_20678236,3600,3237124,_20678397,3600,3105244,_20678558
morphed26-2-4_maxregret,798.276576411,727132,348,1253.411366079,698131,348,1125.260273422,713361,348,1145.873054291,714184,348,922.362184242,632826,348,1491.403220367,960597,348
morphed26-2-5_maxregret,11.016970066,8411,295,14.823666838,7246,295,12.110815879,7272,295,12.761710176,7326,295,13.754137542,8028,295,13.958573758,7661,295
morphed26-2-6_maxregret,1075.191125413,1054385,308,711.541607655,419704,308,695.567399694,468069,308,689.465544434,451332,308,1138.759412288,835173,308,1062.005709315,720288,308
morphed26-2-7_maxregret,376.738626578,379443,325,206.465505833,129504,325,187.496624573,134205,325,188.85924691,131489,325,408.627874322,311680,325,293.707381958,214313,325
morphed26-2-8_maxregret,59.578174275,46712,316,65.396138025,32447,316,56.775474278,32828,316,57.003626753,32754,316,66.12502088,39295,316,65.842751511,38226,316
morphed26-2-9_maxregret,1641.279134199,1510787,365,1233.659686455,701049,365,1188.869469138,749546,365,1172.129569338,725222,365,1661.811200798,1165831,365,1766.550598697,1125060,365
morphed27-5-10_maxregret,467.844748165,395843,379,516.383329611,269744,379,479.433315371,278195,379,462.663185156,278765,379,617.517404395,385406,379,446.695510169,262877,379
morphed27-5-11_maxregret,23.625706158,20068,385,23.251486187,11587,385,21.432494034,11838,385,21.846181751,11763,385,26.325292172,16702,385,24.037722169,13920,385
morphed27-5-12_maxregret,49.311999085,36470,395,42.430246558,20403,395,39.033693751,21496,395,38.752906608,21606,395,54.093499476,31332,395,57.552928587,30792,395
morphed27-5-13_maxregret,31.803305851,23282,402,47.528142028,21511,402,40.239610796,22113,402,40.784544148,21792,402,40.902998619,21928,402,41.848800551,21168,402
morphed27-5-14_maxregret,199.695493183,162879,359,189.916501965,95513,359,170.286913245,98211,359,171.547331043,97067,359,239.929667257,153724,359,203.115725893,114817,359
morphed27-5-15_maxregret,148.061622193,121119,351,140.45628942,65269,351,142.511492994,78188,351,133.199655264,71261,351,162.995791462,94586,351,153.335381141,83510,351
morphed27-5-16_maxregret,1715.687670108,1405862,392,966.95351207,466312,392,829.036923633,479614,392,848.146775026,475003,392,1616.544305399,1002924,392,1151.095687086,640980,392
morphed27-5-1_maxregret,3600,3273609,_21105703,3600,2023011,_21501907,3600,2222457,_21501745,3600,2172214,_21501746,3600,2487822,_21501745,3600,2263682,_21501580
morphed27-5-2_maxregret,2500.376490866,2157857,381,1423.574800489,745745,381,1302.381151622,790738,381,1297.649614165,764177,381,2311.283428041,1490522,381,2011.570146322,1192747,381
morphed27-5-3_maxregret,65.197452947,50530,368,47.560288307,25070,368,46.814177433,26875,368,45.70018292,26488,368,57.51751219,33937,368,57.426914353,33511,368
morphed27-5-4_maxregret,3600,3110678,_21105792,3600,1922086,_21487023,3600,2098304,_21501908,3600,2051449,_21501909,3600,2303183,_21501579,3600,2209688,_21501743
morphed27-5-5_maxregret,3600,3183124,_21105859,3600,1888569,_21501613,3600,2144972,_21501451,3600,2120982,_21501452,3600,2376151,_21501451,3600,2297621,_21501615
morphed27-5-6_maxregret,1.874984412,1241,385,2.295945431,1068,385,1.889223694,936,385,1.859653601,898,385,2.195103337,1173,385,2.156773333,1056,385
morphed27-5-7_maxregret,1726.639888921,1482883,370,1614.289614044,855891,370,1446.518273589,877770,370,1451.25535599,884384,370,1581.684864971,1016357,370,1990.26994585,1218244,370
morphed27-5-8_maxregret,324.210930117,272104,418,299.690245737,154215,418,271.313265662,164105,418,279.869589728,162870,418,362.506840801,222994,418,392.73978529,234290,418
morphed27-5-9_maxregret,3600,3086097,_21105785,3600,1811070,_21502081,3600,2066620,_21501754,3600,2022774,_21501755,3600,2373583,_21487093,3600,2144969,_21501754
morphed28-2-10_maxregret,3600,3274063,_21888769,3600,1817394,_22313376,3600,2035037,_22313210,3600,2028285,_22313211,3600,2391773,_22313209,3600,2123380,_22313210
morphed28-2-11_maxregret,3600,4400523,_21888867,3600,2553311,_22312229,3600,2910116,_22312062,3600,2809305,_22312231,3600,3313487,_22311895,3600,2979845,_22311895
morphed28-2-12_maxregret,431.800009796,345313,302,592.865377093,307081,302,540.951331613,309738,302,539.197336612,310656,302,628.311973096,394909,302,620.106123775,366076,302
morphed28-2-13_maxregret,1023.758606479,806470,367,809.133896716,349709,367,709.61289335,353613,367,738.936544079,364924,367,1009.06265816,569869,367,1057.753736083,549638,367
morphed28-2-14_maxregret,3600,4030822,_21888739,3600,2802576,_22312197,3600,3189785,_22311863,3600,3081909,_22312032,3600,3659070,_22312030,3600,2908654,_22312031
morphed28-2-15_maxregret,3600,2812662,_21888866,3600,1685379,_22313230,3600,1916714,_22313064,3600,1836922,_22313065,3600,2055315,_22312910,3600,1942150,_22313077
morphed28-2-16_maxregret,3600,3407518,_21888937,3600,1909943,_22312218,3600,2230229,_22312052,3600,2123515,_22312053,3600,2516635,_22312051,3600,2324859,_22312219
morphed28-2-1_maxregret,374.835748826,244341,331,320.121861015,123340,331,299.959932445,124520,331,293.722157845,128174,331,369.999503536,168079,331,404.4867413,184972,331
morphed28-2-2_maxregret,1395.872466832,1150714,371,1570.556664201,785499,371,1410.931192987,794642,371,1413.17989561,791160,371,1685.490004566,1008142,371,2119.502972897,1228908,371
morphed28-2-3_maxregret,3600,2993874,_21888841,3600,1697054,_22313427,3600,1956622,_22313094,3600,1918893,_22313095,3600,2186084,_22313094,3600,1974588,_22313429
morphed28-2-4_maxregret,3600,2942086,_21888707,3600,1746825,_22313066,3600,2036371,_22312901,3600,1989025,_22312902,3600,2057122,_22312733,3600,2009775,_22312733
morphed28-2-5_maxregret,291.787418961,197028,316,262.266431585,104034,316,239.907352155,109365,316,225.532558789,105687,316,354.570322912,175957,316,291.555080046,133310,316
morphed28-2-6_maxregret,3600,3147451,_21888813,3600,1852781,_22313107,1759.671963954,1095558,364,3600,2065977,_22312942,3600,2275289,_22312942,3600,2186306,_22313109
morphed28-2-7_maxregret,3600,3481348,_21888642,3600,1919074,_22312137,3600,2220556,_22311804,3600,2192338,_22311805,3600,2499322,_22311972,3600,2293696,_22312139
morphed28-2-8_maxregret,3600,3456707,_21888850,3600,2044931,_22312283,3600,2360461,_22312285,3600,2265777,_22312286,3600,2647421,_22312118,3600,2433044,_22312285
morphed28-2-9_maxregret,3600,4512796,_21888710,3600,2610220,_22313315,3600,2911018,_22313317,3600,2831308,_22313318,3600,3246749,_22313317,3600,3026292,_22313317
morphed29-5-10_maxregret,1827.250984589,1353641,385,1532.82636303,676594,385,1796.947017215,928999,385,1424.209753026,741977,385,2173.511310463,1197483,385,1892.941840011,923078,385
morphed29-5-11_maxregret,3600,2514258,_22671780,3600,1527114,_23143284,3600,1737738,_23143114,3600,1664383,_23143115,3600,1926172,_23143285,3600,1813936,_23143285
morphed29-5-12_maxregret,3600,2611325,_22671748,3600,1743354,_23142635,3600,1963851,_23142295,3600,1927801,_23142467,3600,2056547,_23142636,3600,1933480,_23142295
morphed29-5-13_maxregret,32.828911097,26036,396,26.734803991,13196,396,24.775792412,13843,396,25.848168244,13674,396,32.854971789,19629,396,34.678977831,20292,396
morphed29-5-14_maxregret,3600,3446032,_22672028,3600,2048821,_23142555,3600,2356743,_23142215,3600,2316961,_23142216,3600,2575822,_23142215,3600,2353502,_23142215
morphed29-5-15_maxregret,3600,3154728,_22671605,3600,1831218,_23142588,3600,2125449,_23142418,3600,2089704,_23142419,3600,2351276,_23142419,3600,2153279,_23142589
morphed29-5-16_maxregret,490.049289045,410402,398,843.632455409,458134,398,766.277762667,478186,398,765.101241364,470406,398,519.156998708,332356,398,1003.181526584,611990,398
morphed29-5-1_maxregret,3600,3283068,_22671748,3600,1967163,_23143393,3600,2197619,_23143224,3600,2160603,_23143225,3600,2509677,_23143054,3600,2238191,_23143054
morphed29-5-2_maxregret,474.989068774,357246,405,449.485951645,198380,405,388.75611556,201701,405,394.704139765,200765,405,560.018706083,313913,405,557.969876709,285713,405
morphed29-5-3_maxregret,3600,3683505,_22671631,3600,1926685,_23143027,3600,2176844,_23142688,3600,2151061,_23142689,3600,2699777,_23142688,3600,2379948,_23142859
morphed29-5-4_maxregret,1168.055983719,872438,400,769.901061922,330404,400,750.572560467,360540,400,753.476769473,365835,400,1387.768453614,754257,400,1229.539303668,591000,400
morphed29-5-5_maxregret,477.315007094,392822,398,484.75906548,241143,398,414.292390742,245910,398,435.301252695,244174,398,565.875811415,342147,398,536.121118802,304517,398
morphed29-5-6_maxregret,160.055150129,112899,370,157.031133108,71431,370,150.070017951,75515,370,145.092662855,74577,370,179.258557918,97802,370,175.901722771,91055,370
morphed29-5-7_maxregret,3600,2484386,_22671834,3600,1450243,_23142456,3600,1623409,_23142288,3600,1659337,_23142289,3600,1865971,_23142288,3600,1674427,_23142115
morphed29-5-8_maxregret,1585.939261571,1137248,397,1563.858530849,711617,397,1403.859637432,745598,397,1412.786164038,754496,397,1770.176104751,987968,397,1704.043362046,867990,397
morphed29-5-9_maxregret,468.282396166,400578,403,520.264311367,266364,403,492.894860495,270902,403,459.105578244,269296,403,604.55538669,391694,403,511.391222926,292836,403
netgen20-5-10_maxregret,488.288568748,780009,317,139.286250516,133002,317,176.658071487,186475,317,144.546073054,144348,317,329.048124769,374108,317,315.215837115,332998,317
netgen20-5-11_maxregret,8.032804329,11293,278,4.296859687,3811,278,3.984578923,3872,278,4.416341995,4113,278,7.452294902,7793,278,8.163776866,8384,278
netgen20-5-12_maxregret,1.492440481,1336,290,1.107259725,685,290,1.198664117,803,290,1.252149905,808,290,1.73491863,1215,290,1.43392172,902,290
netgen20-5-13_maxregret,12.706136862,14210,271,11.34403613,8259,271,10.406192088,8374,271,10.67871684,8340,271,13.386934335,11653,271,14.051398165,11079,271
netgen20-5-14_maxregret,539.225226685,747991,300,195.639009739,171249,300,222.443883239,208635,300,195.641066146,175345,300,579.198799457,614018,300,351.808882691,329990,300
netgen20-5-15_maxregret,7.413115479,9385,300,5.694217185,3984,300,7.1803033,6099,300,7.435659323,6126,300,8.147310534,7390,300,7.135956471,6125,300
netgen20-5-16_maxregret,0.311428961,155,281,0.308858486,84,281,0.299154831,92,281,0.2980134,87,281,2.555694757,2724,281,2.440869434,2170,281
netgen20-5-1_maxregret,187.674184824,247732,328,87.876387829,70559,328,85.377916102,75125,328,86.799858806,73831,328,197.482368979,187472,328,181.991020839,161112,328
netgen20-5-2_maxregret,1086.758410481,1474364,321,356.790222166,295201,321,362.128288539,326330,321,355.830570416,309776,321,945.428934566,958349,321,561.317272717,512324,321
netgen20-5-3_maxregret,3600,7387175,_15637958,315.992895126,334712,274,308.591560139,360392,274,304.66646953,349666,274,3600,5257974,_15794019,660.484468452,815660,274
netgen20-5-4_maxregret,103.829508386,122825,331,47.851265537,34822,331,44.503676462,37342,331,43.746900901,36007,331,98.386788534,90390,331,68.468525244,56755,331
netgen20-5-5_maxregret,155.593998055,213227,306,121.806263571,117689,306,124.710849369,126050,306,119.33083552,120843,306,159.62941876,172672,306,174.423523397,174590,306
netgen20-5-6_maxregret,133.963244034,165673,314,63.786672671,48269,314,63.492078773,54381,314,61.667466019,50238,314,130.899804622,121951,314,104.638278594,85897,314
netgen20-5-7_maxregret,121.583704233,160977,337,69.777990553,55489,337,65.689465896,60244,337,66.060837935,57684,337,110.070993585,108002,337,108.146919854,93805,337
netgen20-5-8_maxregret,0.567700465,615,295,0.536265276,318,295,0.514729071,337,295,0.520549329,324,295,0.662610445,547,295,0.605459771,415,295
netgen20-5-9_maxregret,8.303000676,10221,315,6.674767856,5124,315,6.264123391,5416,315,6.535142782,5700,315,9.851354434,9287,315,9.046034735,7619,315
netgen21-2-10_maxregret,3600,4560292,_16420556,3600,3170559,_16601370,3600,3435958,_16601225,3600,3288135,_16601226,3600,3600531,_16601372,3600,3738599,_16601226
netgen21-2-11_maxregret,211.281192211,405515,129,69.667233594,76673,129,63.789186403,77656,129,66.539899583,76803,129,136.27712312,188653,129,185.516828844,252668,129
netgen21-2-12_maxregret,3600,6359190,_16420577,3600,3456807,_16601499,3600,3914078,_16601501,3600,3768478,_16601502,3600,4504838,_16601355,3600,4248147,_16601355
netgen21-2-13_maxregret,3600,4348251,_16420184,999.695794901,775714,163,951.626930377,803578,163,999.076798669,816311,163,2085.404627961,1727205,163,1885.005443323,1563897,163
netgen21-2-14_maxregret,3600,7992487,_16420375,3600,3786284,_16601196,3600,4298736,_16601051,3600,3998192,_16601052,3600,5482810,_16600905,3600,4822761,_16601052
netgen21-2-15_maxregret,3600,8496306,_16420579,3600,4185070,_16601460,3600,4650052,_16601315,3600,4509702,_16601316,3600,5938349,_16601169,3600,5161026,_16601316
netgen21-2-16_maxregret,33.015147384,40556,122,20.085053436,15159,122,18.395139561,15369,122,19.115311062,15445,122,37.818091841,35204,122,26.418471799,23231,122
netgen21-2-1_maxregret,3600,7245231,_16420263,3600,3728533,_16600145,3600,4065648,_16600014,3600,3981341,_16600015,3600,4876251,_16599868,3600,4382987,_16600147
netgen21-2-2_maxregret,3600,5699316,_16420761,3600,3720137,_16601539,3600,4311917,_16601394,3600,4438112,_16601395,3600,4465310,_16601394,3600,4235264,_16601395
netgen21-2-3_maxregret,3600,7068188,_16420814,3600,3677979,_16601480,3600,4070465,_16601335,3600,3884561,_16601336,3600,5196702,_16601189,3600,4423711,_16601482
netgen21-2-4_maxregret,5.092606526,5107,191,5.438388586,3282,191,4.893726683,3251,191,5.04978305,3316,191,6.428670696,4609,191,5.73123743,3866,191
netgen21-2-5_maxregret,3600,6814315,_16420699,3600,3522792,_16601391,3600,3936116,_16601246,3600,3733520,_16601247,3600,4443161,_16601247,3600,4207384,_16601246
netgen21-2-6_maxregret,3600,7083475,_16420276,3600,3965002,_16600231,3600,4439306,_16600086,3600,4244625,_16600087,3600,4985046,_16599940,3600,4812624,_16599940
netgen21-2-7_maxregret,3600,5883844,_16420125,3600,3838941,_16601118,3600,3929867,_16601120,3600,3837586,_16601121,3600,4252208,_16600827,3600,4077196,_16600974
netgen21-2-8_maxregret,351.812474068,367304,142,222.678684122,147716,142,202.094026296,150204,142,207.668469703,149764,142,326.077948565,259845,142,310.266401587,238978,142
netgen21-2-9_maxregret,1.042397613,1067,290,0.830375219,492,290,0.878057447,556,290,0.904445195,548,290,0.971513664,723,290,1.010553912,755,290
netgen22-5-10_maxregret,3600,5117854,_17203694,3600,2851905,_17411471,3600,3258641,_17411473,3600,3075610,_17411474,3600,3596268,_17411324,3600,3411989,_17411174
netgen22-5-11_maxregret,28.430614271,32304,288,15.32329181,12523,288,14.03615022,11722,288,17.897421186,15718,288,32.452087571,28068,288,26.191345637,22069,288
netgen22-5-12_maxregret,17.724625068,23264,307,8.691985624,7256,307,7.953945114,7676,307,8.292417581,7662,307,16.287067507,15649,307,12.869798601,12390,307
netgen22-5-13_maxregret,184.594525175,172141,266,115.987326462,68009,266,110.100621807,71341,266,109.897804102,68756,266,174.274275389,120037,266,168.023209768,109628,266
netgen22-5-14_maxregret,3600,4420126,_17203563,3600,2890927,_17411522,3600,2988222,_17411524,3600,2946268,_17411525,3600,3363530,_17411225,3600,3177415,_17411225
netgen22-5-15_maxregret,54.726980643,61427,306,34.655560266,27085,306,29.312303495,23323,306,29.350358498,22824,306,53.709269473,46588,306,46.936024815,37570,306
netgen22-5-16_maxregret,365.51884824,422921,318,201.22147695,157228,319,260.163331388,202716,319,223.580713229,179751,319,485.726909462,419496,319,401.082613329,331759,319
netgen22-5-1_maxregret,3600,4100214,_17203604,157.288839354,146801,361,175.903795142,169636,361,145.807094781,132277,361,3600,3192871,_17410791,46.050305926,41160,361
netgen22-5-2_maxregret,3600,4448535,_17203644,2097.130629141,1522582,310,2211.20913132,1812225,310,2101.242857405,1621865,310,3600,3199057,_17410495,3600,3010056,_17410644
netgen22-5-3_maxregret,3600,5938504,_17203815,3600,3239735,_17411671,3600,3582661,_17411673,3600,3559241,_17411674,3600,4026093,_17411523,3600,3806730,_17411523
netgen22-5-4_maxregret,151.580980599,149725,332,66.027570622,41158,332,59.567285656,43118,332,59.809784862,42750,332,108.638385714,80203,332,94.375748357,66461,332
netgen22-5-5_maxregret,3600,4768647,_17203476,172.484318491,153892,311,189.136736375,177623,311,182.686296353,172882,311,3600,3566089,_17410636,3600,3361987,_17410636
netgen22-5-6_maxregret,29.610613531,29722,316,16.848973367,8570,316,17.378314676,10268,316,18.03540719,10287,316,28.858532338,20586,316,28.394955044,17568,316
netgen22-5-7_maxregret,105.59667483,115776,354,57.315725343,36760,354,60.450727046,41474,354,55.901682491,39329,354,94.126014897,79643,354,92.47514153,66155,354
netgen22-5-8_maxregret,429.318675426,561864,291,240.833009075,210215,291,236.586046028,227693,291,238.072467977,225734,291,433.575858558,420890,291,351.61732377,335279,291
netgen22-5-9_maxregret,389.815078635,408392,330,162.647701626,105610,330,160.663681428,115288,330,159.516035603,115480,330,303.734873335,239015,330,247.072403997,184206,330
netgen23-2-10_maxregret,3600,6982490,_17974634,3600,3784551,_18223807,3600,4016725,_18223656,3600,3870354,_18223657,3600,5106148,_18223504,3600,4464396,_18223504
netgen23-2-11_maxregret,3600,7004902,_17984988,3600,4080744,_18221706,3600,4511603,_18221403,3600,4427592,_18221556,3600,5312241,_18221556,3600,4626110,_18221556
netgen23-2-12_maxregret,3600,6222109,_17974649,3600,3148429,_18223632,3600,3399643,_18223634,3600,3392445,_18223480,3600,4410576,_18223482,3600,4153652,_18223482
netgen23-2-13_maxregret,3600,4761900,_17974569,3600,2440730,_18222873,3600,2746525,_18222722,3600,2592717,_18222723,3600,3301329,_18222570,3600,2957930,_18222723
netgen23-2-14_maxregret,3600,6272929,_17974637,3600,3636553,_18223592,3600,3988163,_18223441,3600,3894428,_18223442,3600,4839266,_18223289,3600,4131364,_18223289
netgen23-2-15_maxregret,3600,7620873,_17974671,3600,4156186,_18223957,3600,4506214,_18223806,3600,4399567,_18223807,3600,5313895,_18223654,3600,4882893,_18223806
netgen23-2-16_maxregret,2316.93800939,2909658,123,1253.042501379,923716,123,1153.569095779,946324,123,1141.717467441,936888,123,2019.089056343,1868220,123,1574.628350957,1330663,123
netgen23-2-1_maxregret,3600,7263796,_17974623,3600,3732127,_18222052,3600,4249970,_18221901,3600,4352755,_18221902,3600,4944693,_18221901,3600,4460908,_18221901
netgen23-2-2_maxregret,3600,6174797,_17986768,3600,3699346,_18224208,3600,4107689,_18223905,3600,3842163,_18224058,3600,4579649,_18223905,3600,4403283,_18224210
netgen23-2-3_maxregret,3600,6424292,_17974671,3600,3415446,_18223877,3600,3855271,_18223726,3600,3817722,_18223727,3600,4761285,_18223727,3600,3937413,_18223727
netgen23-2-4_maxregret,122.160071124,114572,198,116.131684917,68492,198,102.1707807,68710,198,102.464927696,69338,198,134.296047008,96084,198,130.113923239,89341,198
netgen23-2-5_maxregret,3600,6887558,_17974669,3600,3402974,_18223664,3600,3848492,_18223513,3600,3759915,_18223514,3600,4654365,_18223513,3600,4390747,_18223514
netgen23-2-6_maxregret,3600,7289392,_17985814,3600,3676262,_18222207,3600,4039680,_18221904,3600,3934112,_18222057,3600,5152945,_18222057,3600,4326516,_18222209
netgen23-2-7_maxregret,3600,5934872,_17974610,3600,3400330,_18223480,3600,3637419,_18223482,3600,3484415,_18223483,3600,4166971,_18223177,3600,4016754,_18223482
netgen23-2-8_maxregret,3600,4198283,_17974591,3600,2427227,_18222023,2977.935120367,2370382,147,3027.304956869,2366255,147,3600,3207008,_18221720,3600,2989608,_18221873
netgen23-2-9_maxregret,3600,6947555,_17974681,3600,3549654,_18222702,3600,3873437,_18222551,3600,3885141,_18222552,3600,4797465,_18222399,3600,4406024,_18222704
netgen24-5-10_maxregret,3600,5037925,_18757312,3600,2920254,_19038855,3600,3182809,_19038701,3600,3004116,_19038858,3600,3846313,_19038857,3600,3411586,_19038546
netgen24-5-11_maxregret,11.541050203,16418,285,6.906123587,5864,285,6.550482947,6146,285,6.933639458,5883,285,11.969773536,11940,285,20.876641011,22217,285
netgen24-5-12_maxregret,35.368575058,46070,311,16.758715963,13593,311,15.605440832,14359,311,17.254710947,14188,311,29.604096942,30550,311,27.004749656,25704,311
netgen24-5-13_maxregret,2156.43349537,1949242,314,1301.390127339,745022,314,1333.635664854,827196,314,1405.43343635,832620,314,2207.899843217,1490301,314,1783.902792393,1140369,314
netgen24-5-14_maxregret,3600,4483311,_18757320,3600,2765140,_19039387,3600,2957813,_19039389,3600,2925707,_19039390,3600,3381118,_19039233,3600,3228616,_19039234
netgen24-5-15_maxregret,118.831516345,127211,304,55.81616765,36897,304,78.28973101,56819,304,87.118576462,56984,304,95.002970904,78844,304,113.310546291,89173,304
netgen24-5-16_maxregret,1143.31335462,1624454,339,366.395696832,320642,339,646.143646051,596316,339,540.443130591,500210,339,1118.78852193,1207109,339,721.321194648,740613,339
netgen24-5-1_maxregret,3600,4809528,_18757292,3600,2940241,_19038592,3600,3013780,_19038594,3600,3326089,_19038595,3600,3620366,_19038439,3600,3421169,_19038594
netgen24-5-2_maxregret,887.484270081,1087048,308,414.472204599,343574,308,457.804498119,399899,308,554.568951689,451888,308,762.56931579,771920,308,680.263319769,632587,308
netgen24-5-3_maxregret,3600,6611542,_18757313,3600,3075723,_19039219,3600,3385494,_19039221,3600,3274326,_19039222,3600,4492007,_19038910,3600,3942785,_19039221
netgen24-5-4_maxregret,165.677942028,141504,336,75.247141483,41329,336,68.247411224,42726,336,72.701196492,42336,336,117.30838473,77404,336,140.937025833,87474,336
netgen24-5-5_maxregret,1364.594245087,1347928,307,577.883382934,411364,307,583.646713921,451342,307,613.664461853,445904,307,1046.661561653,873146,307,1022.37960471,816513,307
netgen24-5-6_maxregret,62.018889072,50609,319,36.373954042,17285,319,34.176864118,18815,319,35.524984168,18534,319,55.248470105,32405,319,52.484413357,28633,319
netgen24-5-7_maxregret,13.364377232,11451,347,8.879558814,4968,347,9.500601612,5738,347,10.767051236,5755,347,13.322167249,8854,347,13.321411534,8391,347
netgen24-5-8_maxregret,249.975785195,292998,319,31.420246793,23480,319,31.41808299,25487,319,32.637068515,23467,319,239.40999827,227386,319,147.763433116,126840,319
netgen24-5-9_maxregret,3600,4429777,_18757283,3600,2471332,_19038163,3600,2715044,_19038009,3600,2663166,_19038010,3600,3237342,_19038009,3600,3009127,_19037854
netgen25-2-10_maxregret,3600,8096015,_19540019,3600,4018416,_19857267,3600,4632336,_19857110,3600,4839439,_19857111,3600,5768397,_19856952,3600,5170768,_19857110
netgen25-2-11_maxregret,3600,6024587,_19539568,3600,3344546,_19854323,3600,3697901,_19854008,3600,3368404,_19854009,3600,4132878,_19854166,3600,3860389,_19854166
netgen25-2-12_maxregret,3600,8356175,_19540072,3600,4026539,_19857035,3600,4342652,_19856720,3600,4238954,_19856879,3600,5463263,_19856878,3600,5200551,_19856879
netgen25-2-13_maxregret,3600,3983760,_19539767,3600,2349697,_19855607,3600,2638582,_19855306,3600,2574107,_19855465,3600,2940412,_19855464,3600,2774192,_19855306
netgen25-2-14_maxregret,3600,6812380,_19539934,3600,3862379,_19856892,3600,4327818,_19856735,3600,3869062,_19856736,3600,4894586,_19856735,3600,4499611,_19856577
netgen25-2-15_maxregret,3600,5838418,_19540068,3600,3213251,_19857261,3600,3456778,_19857104,3600,3425309,_19857105,3600,4308798,_19857104,3600,3804443,_19857105
netgen25-2-16_maxregret,3600,4206536,_19539675,3600,2623730,_19855582,3600,2934049,_19855425,3600,2767826,_19855426,3600,3267485,_19855426,3600,2995149,_19855425
netgen25-2-1_maxregret,3600,6111675,_19539954,3600,3164413,_19855332,3600,3729837,_19855175,3600,3655501,_19855176,3600,4227326,_19855175,3600,4073640,_19855017
netgen25-2-2_maxregret,3600,6598177,_19540014,3600,3989003,_19857490,3600,4108305,_19857175,3600,4117917,_19857334,3600,5223879,_19857175,3600,5048269,_19857175
netgen25-2-3_maxregret,3600,6360008,_19539943,3600,3384239,_19857057,3600,3762742,_19856900,3600,3681263,_19856901,3600,4512846,_19856742,3600,4119122,_19856742
netgen25-2-4_maxregret,22.989910371,21162,199,29.206494083,17990,199,25.210651364,16489,199,25.753778829,16430,199,25.159168353,18041,199,22.054321042,14428,199
netgen25-2-5_maxregret,3600,7900955,_19539972,3600,3822515,_19856976,3600,4204813,_19856819,3600,4048501,_19856820,3600,5484722,_19856819,3600,4698191,_19856819
netgen25-2-6_maxregret,3600,6735270,_19539916,3600,3660587,_19855186,3600,4193740,_19854871,3600,4015858,_19855030,3600,4931456,_19855029,3600,4363043,_19854871
netgen25-2-7_maxregret,3600,5872637,_19539924,3600,3385803,_19856880,3600,3712055,_19856723,3600,3521651,_19856883,3600,4175391,_19856724,3600,3956038,_19856723
netgen25-2-8_maxregret,3600,3785789,_19539836,3600,2230332,_19855021,3600,2527971,_19854706,3600,2429676,_19854707,3600,2897288,_19854706,3600,2737429,_19854706
netgen25-2-9_maxregret,3600,8162574,_19539986,3600,3424966,_19855799,3600,3768709,_19855484,3600,3793819,_19855643,3600,5684342,_19855484,3600,5212062,_19855484
netgen26-5-10_maxregret,3600,5309692,_20322725,3600,2492234,_20678153,3600,3268416,_20677832,3600,2976223,_20678156,3600,3970952,_20677832,3600,3643692,_20677994
netgen26-5-11_maxregret,3600,3434029,_20322835,1221.099678202,688791,292,1128.468408948,744554,292,1229.212869035,762506,292,3600,2560620,_20677198,3600,2534257,_20677198
netgen26-5-12_maxregret,3600,4351081,_20323059,3600,2406903,_20678825,3600,3165011,_20678665,3600,3176059,_20678666,3600,3440350,_20678665,3600,3313344,_20678665
netgen26-5-13_maxregret,3600,3499201,_20322710,3600,1638111,_20678256,3600,2170841,_20678096,3600,2074884,_20678259,3600,2608256,_20678097,3600,2436301,_20678258
netgen26-5-14_maxregret,3600,4032568,_20322849,3600,2328221,_20678652,3600,2599348,_20678493,3600,2533229,_20678655,3600,2826441,_20678492,3600,2723956,_20678331
netgen26-5-15_maxregret,3600,3554314,_20322944,3600,1957054,_20678488,3600,2566982,_20678328,3600,2429686,_20678329,3600,2756034,_20678179,3600,2671828,_20678328
netgen26-5-16_maxregret,3600,2988332,_20322754,250.540565472,130219,345,296.616938279,191933,345,315.374392314,201493,345,3600,2224556,_20676738,3600,2098498,_20676900
netgen26-5-1_maxregret,3600,3898916,_20322843,3600,2056808,_20677895,3600,2652822,_20677897,3600,2633063,_20677898,3600,2938970,_20677574,3600,2756387,_20677735
netgen26-5-2_maxregret,3600,3892356,_20322773,3600,2542516,_20677440,3600,2727351,_20677280,3600,2539424,_20677443,3600,3110391,_20677442,3600,2927457,_20677280
netgen26-5-3_maxregret,3600,5995080,_20322898,3600,3504686,_20678928,3600,3756511,_20678769,3600,3815077,_20678931,3600,4257771,_20678768,3600,4127671,_20678607
netgen26-5-4_maxregret,3600,5079479,_20322963,3600,2792667,_20678002,3600,3242457,_20678004,3600,3124246,_20678005,3600,3616311,_20677681,3600,3646237,_20677681
netgen26-5-5_maxregret,3600,5574849,_20322676,3600,2645541,_20677592,3600,3587296,_20677594,3600,3443319,_20677595,3600,4048570,_20677433,3600,3745437,_20677271
netgen26-5-6_maxregret,3600,4015682,_20323034,3600,1894523,_20677716,3600,2598538,_20677718,3600,2517563,_20677719,3600,3005995,_20677557,3600,2606019,_20677557
netgen26-5-7_maxregret,3600,4703472,_20322786,3600,2699508,_20677574,3600,3220570,_20677576,3600,2990063,_20677415,3600,3392664,_20677415,3600,3243528,_20677576
netgen26-5-8_maxregret,3600,3639582,_20322843,3600,2183588,_20678159,3600,2366069,_20678161,3600,2303563,_20678162,3600,2693957,_20677838,3600,2551842,_20677838
netgen26-5-9_maxregret,3600,4066980,_20322789,3600,2023655,_20677141,3600,2693786,_20676981,3600,2726651,_20676982,3600,3036940,_20676820,3600,2814215,_20676981
netgen27-2-10_maxregret,3600,8257738,_21105625,3600,4287711,_21487897,3600,5050553,_21487734,3600,4886385,_21502157,3600,5312397,_21502156,3600,5010308,_21487734
netgen27-2-11_maxregret,3600,5916629,_21104884,3600,3239532,_21486238,3600,3494490,_21498508,3600,3688691,_21498673,3600,4333323,_21498508,3600,3631558,_21498508
netgen27-2-12_maxregret,3600,6315670,_21105581,3600,3522533,_21487888,3600,3972905,_21487725,3600,4094832,_21501927,3600,4213635,_21501927,3600,4039760,_21501762
netgen27-2-13_maxregret,3600,5226100,_21105122,3600,3165889,_21487099,3600,3577868,_21486772,3600,3552473,_21486773,3600,3967110,_21500300,3600,3675387,_21486772
netgen27-2-14_maxregret,3600,6983758,_21105418,3600,3321497,_21487728,3600,3772274,_21487565,3600,3665658,_21487566,3600,4875657,_21501518,3600,3986109,_21501847
netgen27-2-15_maxregret,3600,5948353,_21105676,3600,3131325,_21487734,3600,3391167,_21487736,3600,3526878,_21487737,3600,3967569,_21487407,3600,3828147,_21487571
netgen27-2-16_maxregret,3600,4444620,_21104943,3600,2486187,_21487595,3600,2951830,_21500266,3600,2886800,_21500267,3600,3288327,_21500102,3600,2951913,_21500102
netgen27-2-1_maxregret,3600,7066061,_21105507,3600,3331338,_21486170,3600,3880797,_21486007,3600,3976008,_21486008,3600,4554387,_21486007,3600,4024400,_21486172
netgen27-2-2_maxregret,3600,5634215,_21105537,3600,3276358,_21487975,3600,3568236,_21487812,3600,3584144,_21502117,3600,3903658,_21502117,3600,3530129,_21487813
netgen27-2-3_maxregret,3600,6858076,_21105429,3600,3203517,_21487890,3600,3698830,_21487727,3600,3590759,_21487728,3600,4672736,_21487728,3600,4188219,_21487892
netgen27-2-4_maxregret,3600,2807909,_21105314,3600,1830778,_21501733,3600,2099930,_21501406,3600,2069273,_21501407,3600,2115255,_21501406,3600,1994232,_21501570
netgen27-2-5_maxregret,3600,6915956,_21105386,3600,3750607,_21487870,3600,4098946,_21487707,3600,3958699,_21487708,3600,5366323,_21487707,3600,4532045,_21487872
netgen27-2-6_maxregret,3600,6754865,_21105405,3600,3422000,_21486156,3600,4000629,_21485829,3600,4082468,_21485830,3600,4493921,_21485829,3600,4104799,_21485993
netgen27-2-7_maxregret,3600,6028998,_21105306,3600,3631867,_21487712,3600,3946043,_21501447,3600,3920168,_21487386,3600,4444749,_21487385,3600,4048837,_21487549
netgen27-2-8_maxregret,3600,4857518,_21105310,3600,2778307,_21499647,3600,3245319,_21499320,3600,3206647,_21499321,3600,3680747,_21499320,3600,3214213,_21499320
netgen27-2-9_maxregret,3600,7637617,_21105356,3600,3120040,_21486137,3600,3786595,_21485810,3600,3720337,_21485811,3600,5269545,_21485810,3600,4161832,_21485975
netgen28-5-10_maxregret,3600,5353897,_21888439,3600,2963591,_22313410,3600,3271717,_22313244,3600,3211316,_22313413,3600,3427685,_22313244,3600,3497350,_22313412
netgen28-5-11_maxregret,3600,3358123,_21888683,3600,1974068,_22312222,3600,2204672,_22311885,3600,2103932,_22312057,3600,2454365,_22311885,3600,2278833,_22311885
netgen28-5-12_maxregret,3600,4561634,_21888936,3600,3086254,_22313571,3600,3459719,_22313403,3600,3094947,_22313404,3600,3574385,_22313236,3600,3292315,_22313406
netgen28-5-13_maxregret,3600,3741024,_21888392,3600,2267302,_22313224,3600,2641211,_22313058,3600,2578794,_22313059,3600,2848228,_22312891,3600,2679488,_22313226
netgen28-5-14_maxregret,3600,4400881,_21888469,3600,2653219,_22313855,3600,3023003,_22313857,3600,2935215,_22313858,3600,3412830,_22313690,3600,3090472,_22313690
netgen28-5-15_maxregret,3600,3180502,_21888669,3600,2038360,_22313138,3600,2219614,_22312970,3600,2101882,_22313141,3600,2414237,_22312815,3600,2247742,_22312970
netgen28-5-16_maxregret,3600,3690421,_21888309,3600,2131706,_22311968,3600,2356302,_22311802,3600,2399800,_22311803,3600,2839409,_22311635,3600,2573451,_22311970
netgen28-5-1_maxregret,3600,5258899,_21888754,3600,2567765,_22313007,3600,3162665,_22313009,3600,3247573,_22312842,3600,3773371,_22312674,3600,3593673,_22313009
netgen28-5-2_maxregret,3600,3762056,_21888339,3600,2221389,_22312325,3600,2419041,_22312159,3600,2332179,_22312160,3600,2764867,_22311992,3600,2639058,_22312159
netgen28-5-3_maxregret,3600,6024101,_21888737,3600,3400748,_22313826,3600,3734134,_22313828,3600,3751909,_22313829,3600,4365108,_22313493,3600,3980310,_22313660
netgen28-5-4_maxregret,3600,5263353,_21888858,3600,3189094,_22312625,3600,3657000,_22312627,3600,3508302,_22312628,3600,3947620,_22312460,3600,3239122,_22312459
netgen28-5-5_maxregret,3600,3608225,_21887972,3600,2349945,_22312679,3600,2641073,_22312681,3600,2579683,_22312514,3600,2777748,_22312346,3600,2648739,_22312346
netgen28-5-6_maxregret,3600,3904862,_21888889,3600,2294693,_22312243,3600,2642373,_22312245,3600,2599570,_22312246,3600,2812109,_22312078,3600,2583311,_22311910
netgen28-5-7_maxregret,3600,4694617,_21888881,3600,2792568,_22312528,3600,3179678,_22312530,3600,3086359,_22312363,3600,3664862,_22312530,3600,3578438,_22312195
netgen28-5-8_maxregret,3600,4095176,_21888555,3600,2562582,_22313362,3600,2835632,_22313196,3600,2752349,_22313365,3600,3102322,_22313197,3600,2959880,_22313364
netgen28-5-9_maxregret,3600,3241939,_21888475,3600,2030475,_22312353,3600,2262454,_22312187,3600,2227428,_22312188,3600,2372055,_22312187,3600,2206288,_22312187
netgen29-2-10_maxregret,3600,5196156,_22671410,3600,3273586,_23143754,3600,3526953,_23143585,3600,3613000,_23143586,3600,3761253,_23143586,3600,3796270,_23143586
netgen29-2-11_maxregret,3600,5563084,_22670321,3600,3791894,_23141753,3600,4458386,_23141414,3600,4007806,_23141415,3600,4042725,_23141414,3600,4156285,_23141585
netgen29-2-12_maxregret,3600,6685492,_22671567,3600,3562979,_23143828,3600,3971830,_23143659,3600,3833650,_23143660,3600,4843008,_23143489,3600,3987911,_23143659
netgen29-2-13_maxregret,3600,4458483,_22670884,3600,2939925,_23142856,3600,3470784,_23142517,3600,3271741,_23142518,3600,3479584,_23142517,3600,3302447,_23142858
netgen29-2-14_maxregret,3600,6347659,_22670936,3600,3572670,_23143528,3600,3983641,_23143359,3600,3892259,_23143360,3600,4610575,_23143360,3600,4260552,_23143360
netgen29-2-15_maxregret,3600,6937697,_22671552,3600,3121252,_23143739,3600,3350138,_23143570,3600,3334518,_23143571,3600,4676955,_23143400,3600,3926623,_23143741
netgen29-2-16_maxregret,3600,4110265,_22670300,3600,2356380,_23143371,3600,2777493,_23143202,3600,2636232,_23143203,3600,3103661,_23143373,3600,2833995,_23143203
netgen29-2-1_maxregret,3600,6278165,_22671223,3600,2944793,_23141781,3600,3730530,_23141612,3600,3855650,_23141613,3600,4342554,_23141442,3600,3847266,_23141612
netgen29-2-2_maxregret,3600,5284387,_22671220,3600,3614918,_23143839,3600,3969718,_23143670,3600,3836100,_23143671,3600,4055205,_23143500,3600,4097450,_23143500
netgen29-2-3_maxregret,3600,7814802,_22671194,3600,4079165,_23143752,3600,4533979,_23143583,3600,4368608,_23143755,3600,5496770,_23143584,3600,5171582,_23143583
netgen29-2-4_maxregret,3600,2686318,_22671189,3600,1922795,_23143736,3600,2195356,_23143397,3600,2205406,_23143398,3600,2123010,_23143568,3600,2189797,_23143568
netgen29-2-5_maxregret,3600,6777734,_22671504,3600,3131327,_23143715,3600,3646172,_23143546,3600,3698252,_23143547,3600,4584873,_23143376,3600,4186049,_23143376
netgen29-2-6_maxregret,3600,6180055,_22671001,3600,3529131,_23141755,3600,4007495,_23141416,3600,3827531,_23141417,3600,4182449,_23141416,3600,3836940,_23141416
netgen29-2-7_maxregret,3600,6430342,_22671239,3600,2680410,_23143568,3600,2980857,_23143229,3600,3689675,_23143401,3600,4267779,_23143229,3600,3897057,_23143399
netgen29-2-8_maxregret,3600,4782430,_22671013,3600,2717451,_23141415,3600,3078028,_23141076,3600,2919150,_23141077,3600,3620960,_23141076,3600,3328910,_23141246
netgen29-2-9_maxregret,3600,6319181,_22671160,3600,4010025,_23141753,3600,4934318,_23141414,3600,4794208,_23141586,3600,4562337,_23141585,3600,4265119,_23141585
portgen20-10_maxregret,0.501394924,305,3874240,0.588589634,262,3874240,0.573070299,262,3874240,0.561635722,260,3874240,0.592203683,298,3874240,0.566095914,262,3874240
portgen20-11_maxregret,14.300844229,11911,3226668,12.396043375,6663,3226668,12.02077704,6953,3226668,12.362794698,7468,3226668,16.289466578,10419,3226668,13.930782068,8308,3226668
portgen20-12_maxregret,22.643726115,20487,4039464,21.652146808,12868,4039464,20.672335581,13202,4039464,20.444042582,13442,4039464,24.89882918,17626,4039464,22.123228235,14502,4039464
portgen20-13_maxregret,8.446592838,6454,3489468,9.447992072,5004,3489468,9.050415184,5004,3489468,8.737400457,5029,3489468,9.127722312,5798,3489468,9.197660466,5287,3489468
portgen20-14_maxregret,52.376620623,43368,4167954,37.266184125,20995,4167954,37.818549904,21818,4167954,37.770987219,22237,4167954,57.394677351,38805,4167954,52.064915575,33369,4167954
portgen20-15_maxregret,0.957971803,699,4069645,1.036445251,508,4069645,1.066952613,531,4069645,0.984824386,529,4069645,1.123326701,643,4069645,1.171873298,625,4069645
portgen20-16_maxregret,5.933190533,4705,3586131,8.774469688,4416,3586131,8.165513444,4485,3586131,8.044252782,4474,3586131,7.250096144,4480,3586131,8.861989194,5003,3586131
portgen20-17_maxregret,38.418469706,33480,3921848,35.508743628,19388,3921848,34.920316702,20737,3921848,36.823957628,22290,3921848,40.011729644,25096,3921848,37.19239667,22356,3921848
portgen20-18_maxregret,12.454888452,10153,3803498,10.878185091,5591,3803498,11.628920681,6908,3803498,9.945048591,5828,3803498,13.210051702,8268,3803498,14.051653209,8596,3803498
portgen20-19_maxregret,23.327773793,22032,3759958,23.942528206,14961,3759958,22.416207357,15154,3759958,22.874773764,15425,3759958,28.051898016,19954,3759958,27.653949935,18977,3759958
portgen20-1_maxregret,7.170129416,6427,3769586,55.825611706,29566,3769586,40.27267199,22681,3769586,62.990124379,37137,3769586,8.322725058,5814,3769586,7.646183279,5513,3769586
portgen20-20_maxregret,8.225775645,7143,3285932,7.215306237,3735,3285932,6.807790201,3865,3285932,6.569458603,3809,3285932,10.055540788,6489,3285932,7.276263842,4162,3285932
portgen20-21_maxregret,0.706152801,595,3763804,0.703192061,347,3763804,0.686880421,373,3763804,0.679497959,364,3763804,0.835384007,504,3763804,0.856377702,503,3763804
portgen20-22_maxregret,52.047727011,42651,4356599,42.871171059,22487,4356599,41.1736672,23053,4356599,41.25369978,23975,4356599,54.588562369,33629,4356599,58.179320059,34754,4356599
portgen20-23_maxregret,8.368904808,7837,3756827,10.178857343,6187,3756827,9.547472247,6325,3756827,9.211676172,6278,3756827,9.568830703,6831,3756827,10.922777161,7430,3756827
portgen20-24_maxregret,13.63641007,12828,3810353,14.91572976,9149,3810353,13.695438236,9578,3810353,13.503997741,9603,3810353,15.752542107,11360,3810353,14.97283721,9951,3810353
portgen20-25_maxregret,30.408413742,27107,4036752,36.486377055,22343,4036752,34.421579853,22775,4036752,33.723728258,22890,4036752,37.990248423,25933,4036752,39.384078364,26425,4036752
portgen20-26_maxregret,24.662873575,19086,4699069,24.036145893,12490,4699069,23.784069337,13176,4699069,22.820717316,12769,4699069,27.830368708,16575,4699069,27.181218845,15533,4699069
portgen20-27_maxregret,1.35945624,940,3455583,1.692270671,858,3455583,1.54443045,861,3455583,1.542235526,865,3455583,1.676497162,895,3455583,1.726488502,935,3455583
portgen20-28_maxregret,1.39956195,809,4078768,1.761532733,742,4078768,1.571872937,742,4078768,1.568292936,742,4078768,1.684627489,791,4078768,1.667923395,770,4078768
portgen20-29_maxregret,2.553035191,1933,3890721,2.899414589,1446,3890721,2.574881184,1451,3890721,2.51509659,1450,3890721,3.04156022,1857,3890721,2.814743608,1595,3890721
portgen20-2_maxregret,35.690757123,32663,4226735,38.560421664,21978,4226735,38.625943801,22731,4226735,36.885585501,22437,4226735,43.206002645,29903,4226735,40.120351606,25568,4226735
portgen20-30_maxregret,7.359735463,5843,4176739,8.88632989,5007,4176739,7.992496025,5075,4176739,7.953569983,5045,4176739,9.18111093,5606,4176739,9.088082274,5556,4176739
portgen20-31_maxregret,10.618305642,9212,3751303,12.757604994,7870,3751303,13.935886736,9508,3751303,13.998286037,9847,3751303,12.991749394,9041,3751303,12.199542713,7878,3751303
portgen20-32_maxregret,8.721527574,9009,3930927,8.028524804,5369,3930927,7.992278827,5730,3930927,7.826923955,6226,3930927,10.00625739,7893,3930927,8.959500572,6590,3930927
portgen20-3_maxregret,2.282269344,1895,4013467,3.45267554,1850,4013467,3.419035308,1866,4013467,3.2127454,1877,4013467,2.950769596,1855,4013467,2.407815458,1394,4013467
portgen20-4_maxregret,2.261259406,1672,4043744,2.933329372,1511,4043744,2.678487376,1512,4043744,2.651885376,1514,4043744,2.819001771,1641,4043744,2.799455338,1553,4043744
portgen20-5_maxregret,10.128185216,8974,4078776,12.363633172,7654,4078776,11.925300396,7904,4078776,11.587250609,7997,4078776,11.797343316,8247,4078776,11.612108325,7734,4078776
portgen20-6_maxregret,19.768828835,17767,4012684,15.553112907,9048,4012684,14.424140692,9172,4012684,13.936851785,9200,4012684,18.922228405,13168,4012684,19.604940046,13014,4012684
portgen20-7_maxregret,4.737527294,4339,3595764,6.152820709,3728,3595764,5.495071326,3743,3595764,5.447805539,3770,3595764,5.623555046,3917,3595764,6.175495714,4236,3595764
portgen20-8_maxregret,4.284974102,3651,4301360,3.136165383,1762,4301360,3.046131325,1829,4301360,2.932179967,1824,4301360,3.996684538,2667,4301360,3.281436223,2097,4301360
portgen20-9_maxregret,1.990927159,1538,4461033,2.408202324,1215,4461033,2.201662881,1218,4461033,2.543124604,1468,4461033,2.249545271,1354,4461033,2.710741478,1643,4461033
portgen22-10_maxregret,3.470768397,2845,3985261,3.442307779,1883,3985261,3.126486043,1927,3985261,3.249919401,1916,3985261,3.822053507,2406,3985261,4.378780039,2717,3985261
portgen22-11_maxregret,16.16202175,14501,3360868,13.104167273,7630,3360868,11.897241168,7842,3360868,12.893417976,8004,3360868,19.360329199,13106,3360868,13.906347784,9085,3360868
portgen22-12_maxregret,1.615922432,1185,4333859,1.529612555,827,4333859,1.330542702,751,4333859,1.448680254,765,4333859,1.720055253,1047,4333859,1.579451172,870,4333859
portgen22-13_maxregret,20.16491002,14557,3663346,16.105823541,7686,3663346,15.071170978,8022,3663346,15.302695952,7807,3663346,20.291079327,11815,3663346,19.048102355,9914,3663346
portgen22-14_maxregret,56.10762024,43865,4415339,46.53269073,24234,4415339,40.876327396,24395,4415339,44.31551666,25382,4415339,54.85350851,33240,4415339,40.709531691,23637,4415339
portgen22-15_maxregret,4.736185778,3862,4155112,31.511117248,18170,4155112,7.767529227,4464,4155112,7.683881144,4481,4155112,5.604887397,3439,4155112,5.43932151,3222,4155112
portgen22-16_maxregret,24.857380113,16302,3980682,30.262355162,12619,3980682,26.810327465,12761,3980682,26.381658797,12834,3980682,28.891017269,14348,3980682,30.980165366,14923,3980682
portgen22-17_maxregret,2.019328818,1681,4112249,1.728974258,928,4112249,1.727108289,950,4112249,1.804156523,970,4112249,2.361372065,1569,4112249,2.310872116,1365,4112249
portgen22-18_maxregret,20.474023133,12807,4087840,21.521402231,8998,4087840,19.401765238,8935,4087840,19.97822496,9249,4087840,22.788005359,11176,4087840,24.31344141,11619,4087840
portgen22-19_maxregret,23.510864663,20965,3861136,37.267308112,21880,3861136,25.951595258,16510,3861136,32.813572887,22148,3861136,27.87602457,18613,3861136,31.154701283,20566,3861136
portgen22-1_maxregret,113.660806664,104111,3994011,71.105755598,43667,3994011,68.16789368,48591,3994011,69.920355152,46765,3994011,110.486003065,82360,3994011,88.082783915,61236,3994011
portgen22-20_maxregret,13.220638197,10895,3491319,11.90229657,6015,3491319,10.800566753,6168,3491319,11.062868044,6151,3491319,15.230922534,9938,3491319,15.43625125,8955,3491319
portgen22-21_maxregret,2.922619026,2600,3877079,3.111873003,1748,3877079,3.554361824,2305,3877079,3.956959806,2540,3877079,3.18343692,2186,3877079,3.415090237,2129,3877079
portgen22-22_maxregret,73.849331719,52785,4490717,94.684632826,47891,4490717,93.187330588,51701,4490717,92.808105354,50356,4490717,76.229904434,41206,4490717,64.463868628,34874,4490717
portgen22-23_maxregret,7.701176027,5961,3790969,8.903999469,4358,3790969,8.330285581,4396,3790969,8.578735019,4469,3790969,9.604176114,5749,3790969,10.248803904,5638,3790969
portgen22-24_maxregret,13.761757094,10232,3868839,22.407725881,11476,3868839,19.370455137,11374,3868839,20.039887041,11758,3868839,16.167108799,9039,3868839,21.784437593,13053,3868839
portgen22-25_maxregret,17.741331143,13525,4179707,20.460348369,10827,4179707,18.309860794,11089,4179707,18.676517789,11072,4179707,21.232387573,13150,4179707,19.763477748,11341,4179707
portgen22-26_maxregret,180.7644989,136545,4736094,151.799370588,78577,4736094,145.921669903,80110,4736094,143.81667931,80206,4736094,200.142319488,118857,4736094,177.336692555,97030,4736094
portgen22-27_maxregret,3.034940573,1700,4195860,4.423968614,1771,4195860,3.941731361,1792,4195860,4.004687784,1782,4195860,3.93296956,1743,4195860,3.852323854,1668,4195860
portgen22-28_maxregret,14.445978591,10186,4126220,19.973782235,9171,4126220,17.492787877,9041,4126220,18.180978505,9372,4126220,17.986018642,9473,4126220,25.988517425,10818,4126220
portgen22-29_maxregret,32.103111259,25707,4012916,36.913752454,19284,4012916,33.810104677,19418,4012916,33.977134771,19519,4012916,39.582883445,24691,4012916,42.476321841,22020,4012916
portgen22-2_maxregret,23.087436037,15990,4297418,29.85092289,12939,4297418,27.438826242,13607,4297418,27.587686595,13278,4297418,25.362920091,12965,4297418,33.631173319,16651,4297418
portgen22-30_maxregret,13.352409124,10892,4255098,18.516361938,10057,4255098,15.953236321,10095,4255098,16.389537684,10086,4255098,16.582432391,10418,4255098,19.205929321,10637,4255098
portgen22-31_maxregret,12.903972162,9467,3846514,12.830014672,6446,3846514,12.413193291,6856,3846514,12.530418954,7074,3846514,13.825379271,7841,3846514,17.102093784,8626,3846514
portgen22-32_maxregret,4.705024967,4183,4025253,3.686762267,2043,4025253,3.918398063,2387,4025253,4.0529932,2630,4025253,4.390528226,2981,4025253,4.733457151,3159,4025253
portgen22-3_maxregret,30.57090419,24917,4123161,26.843252987,13469,4123161,27.101693011,15354,4123161,27.838843464,15141,4123161,35.136715052,21685,4123161,33.883208034,20132,4123161
portgen22-4_maxregret,8.957886041,7070,4057612,16.190348083,8021,4057612,13.924979727,8046,4057612,11.621761719,6242,4057612,11.435451008,6934,4057612,14.761015999,8208,4057612
portgen22-5_maxregret,38.824025347,31728,4156785,39.858045033,21736,4156785,35.411234958,21509,4156785,37.391119713,23792,4156785,42.534524571,27220,4156785,43.114554374,25631,4156785
portgen22-6_maxregret,23.494685073,21318,4082575,13.723013799,8003,4082575,12.319202149,8302,4082575,12.842454622,8183,4082575,24.519479572,17568,4082575,17.329137634,11707,4082575
portgen22-7_maxregret,24.010309805,21867,3622973,25.620536497,14157,3622973,22.569955451,14399,3622973,23.154700428,14397,3622973,28.3864648,19502,3622973,26.743688942,17262,3622973
portgen22-8_maxregret,28.618431478,21745,4378743,21.609202682,11027,4378743,19.430783681,11294,4378743,20.621966685,11324,4378743,28.272779664,16792,4378743,27.648140826,16466,4378743
portgen22-9_maxregret,34.246267502,28309,4599833,29.095578469,15690,4599833,25.801926731,16132,4599833,28.114166549,16519,4599833,35.066286161,23275,4599833,33.586864615,20393,4599833
portgen24-10_maxregret,25.926002022,17132,4154507,30.005127884,12567,4154507,26.156976725,12767,4154507,26.323348102,12906,4154507,29.976588236,15436,4154507,29.147214202,13887,4154507
portgen24-11_maxregret,163.035457435,123736,3759992,94.594830652,44904,3759992,86.809900443,46656,3759992,88.43198802,46335,3759992,149.428026656,89518,3759992,116.410981298,61634,3759992
portgen24-12_maxregret,14.84655893,11542,4773345,12.169851548,6338,4773345,11.163877022,6434,4773345,11.266228964,6461,4773345,17.553140584,10541,4773345,13.034436094,7410,4773345
portgen24-13_maxregret,106.247434545,72431,3763778,107.562271586,47754,3763778,95.291920851,48128,3763778,99.732725509,47907,3763778,127.478680733,68375,3763778,113.481666057,55698,3763778
portgen24-14_maxregret,293.182259478,221962,4421661,151.13203788,74878,4421661,146.061938506,80929,4421661,152.511544884,79892,4421661,208.633777757,124206,4421661,186.421783396,104526,4421661
portgen24-15_maxregret,44.67633908,29955,4294215,80.795423554,39566,4294215,53.684934271,27580,4294215,54.67145944,27726,4294215,54.273550682,28651,4294215,54.156378144,25881,4294215
portgen24-16_maxregret,174.418205743,118345,4407474,203.400588659,86892,4407474,187.376453901,88467,4407474,188.419618955,87895,4407474,198.112734911,99499,4407474,210.278533157,99698,4407474
portgen24-17_maxregret,344.755289964,250791,4120375,285.320799755,138790,4120375,271.13617661,143073,4120375,274.394597967,143297,4120375,377.785059971,210120,4120375,357.575693259,192526,4120375
portgen24-18_maxregret,73.868817158,44818,4270800,75.911526544,31117,4270800,71.412721896,31867,4270800,70.489401543,32317,4270800,85.547989292,40705,4270800,77.160372729,35596,4270800
portgen24-19_maxregret,17.695325517,13193,3868200,24.911929155,12020,3868200,20.919557568,12047,3868200,21.28862084,12128,3868200,23.078349007,12709,3868200,24.203805486,12942,3868200
portgen24-1_maxregret,125.435355901,97539,4102526,80.997697332,41058,4102526,73.245707715,44844,4102526,72.369605381,39731,4102526,136.613238525,86466,4102526,93.448394226,53193,4102526
portgen24-20_maxregret,75.567589035,61164,3535022,62.954054036,30790,3535022,58.175929405,32021,3535022,55.960242918,31142,3535022,78.098004958,49508,3535022,84.604383432,49233,3535022
portgen24-21_maxregret,1.091356484,710,3945461,1.265593973,573,3945461,1.186253846,579,3945461,1.159105215,597,3945461,1.36352408,696,3945461,1.25420361,588,3945461
portgen24-22_maxregret,32.928640215,21397,4533159,53.083400732,22839,4533159,50.257755936,23824,4533159,48.237142491,24145,4533159,49.313193844,24902,4533159,55.927057669,27548,4533159
portgen24-23_maxregret,26.395034373,18053,4400068,27.460745018,12436,4400068,24.633216075,12733,4400068,24.18454954,12626,4400068,30.508870261,16606,4400068,31.529636994,16026,4400068
portgen24-24_maxregret,24.0467345,18372,3882737,28.268902161,13553,3882737,24.350381098,13554,3882737,23.927526889,13634,3882737,32.089579465,17500,3882737,28.244442879,15176,3882737
portgen24-25_maxregret,5.079342157,4456,4309546,4.820477973,2964,4309546,4.682106802,3048,4309546,4.672867921,3054,4309546,5.675832005,3933,4309546,5.372244372,3687,4309546
portgen24-26_maxregret,389.10453416,302656,4864165,316.130498953,162420,4864165,304.690585,168054,4864165,291.575649502,163479,4864165,442.501785809,258197,4864165,340.61435057,192802,4864165
portgen24-27_maxregret,27.467176435,19249,4280859,37.588846009,17690,4280859,33.342516004,17717,4280859,32.00469134,17645,4280859,34.360144588,18772,4280859,35.363884532,18579,4280859
portgen24-28_maxregret,11.019256479,7848,4237905,33.69554473,15055,4237905,23.699667888,11791,4237905,22.833831375,11627,4237905,23.559219409,12019,4237905,18.376135911,8864,4237905
portgen24-29_maxregret,111.569157807,85623,4089261,89.812512732,42459,4089261,82.853196744,43037,4089261,78.20702994,43451,4089261,127.740570554,71720,4089261,129.771093997,72620,4089261
portgen24-2_maxregret,33.657126691,19996,4566803,62.613252147,23181,4566803,43.873404093,18532,4566803,58.579553051,24206,4566803,52.72133076,24608,4566803,50.642544457,21156,4566803
portgen24-30_maxregret,54.994935185,42688,4298108,73.640595255,38347,4298108,66.810317692,38495,4298108,66.699938247,38435,4298108,73.534834581,41757,4298108,71.394857862,40919,4298108
portgen24-31_maxregret,29.70892216,20584,3870912,34.419129941,16301,3870912,34.396424774,18012,3870912,32.466580944,18446,3870912,33.829015301,17598,3870912,40.1340989,22971,3870912
portgen24-32_maxregret,10.225259384,10113,4086032,7.514073002,4398,4086032,7.974256669,5119,4086032,8.905058383,6324,4086032,10.614666138,7643,4086032,8.676463665,5702,4086032
portgen24-3_maxregret,19.106655252,12401,4201781,33.479363369,14046,4201781,29.766388013,14423,4201781,30.159392509,14343,4201781,22.415865773,11145,4201781,30.230819803,14631,4201781
portgen24-4_maxregret,16.77636184,11704,4162004,37.343334196,17003,4162004,32.138727881,17078,4162004,33.220534527,17035,4162004,21.537163407,10686,4162004,21.230434579,10662,4162004
portgen24-5_maxregret,84.134119576,61057,4368840,74.33400077,35738,4368840,67.187871482,36789,4368840,68.284507349,36331,4368840,78.819443763,45944,4368840,83.708687001,44412,4368840
portgen24-6_maxregret,53.990254495,39543,4113297,44.378829975,19812,4113297,38.536873891,20369,4113297,40.310421031,20298,4113297,59.385348159,33220,4113297,50.589474949,25941,4113297
portgen24-7_maxregret,265.617551404,182449,4476189,171.973768457,78867,4476189,161.125142337,82778,4476189,183.92068706,91606,4476189,266.879920711,143379,4476189,229.756820838,115428,4476189
portgen24-8_maxregret,15.723635953,11063,4435101,12.74913661,5717,4435101,11.393820721,5895,4435101,11.580159048,5895,4435101,17.582357134,9629,4435101,15.370742468,8067,4435101
portgen24-9_maxregret,223.813678477,175485,4607494,195.955524525,101930,4607494,181.54552569,107698,4607494,184.564568465,105841,4607494,249.176334483,153661,4607494,233.751713169,135773,4607494
portgen26-10_maxregret,160.255674544,113993,4285781,166.354429646,66295,4285781,142.971546653,67929,4285781,137.652328962,67576,4285781,183.782625417,95646,4285781,162.631986921,81805,4285781
portgen26-11_maxregret,443.434554524,331309,4072010,394.787559127,188133,4072010,352.750222873,194801,4072010,372.203960194,198006,4072010,482.430717193,276781,4072010,365.970681923,196796,4072010
portgen26-12_maxregret,930.950498422,714883,4845715,647.613771959,314733,4845715,620.231132031,322162,4845715,646.033029142,331140,4845715,950.212509118,568081,4845715,879.782993767,505083,4845715
portgen26-13_maxregret,390.009614473,277912,3858272,407.118679373,187898,3858272,355.335985242,189266,3858272,367.835568139,188193,3858272,486.33907662,263074,3858272,437.001681908,228437,3858272
portgen26-14_maxregret,56.990596153,40584,4479207,39.191239171,17203,4479207,35.862808009,18024,4479207,35.589634204,17883,4479207,59.472524061,31531,4479207,46.227162054,24427,4479207
portgen26-15_maxregret,19.933071116,12949,4366932,70.738865094,35142,4366932,51.802940664,27033,4366932,28.113145642,14903,4366932,24.308030567,12047,4366932,19.682401418,10112,4366932
portgen26-16_maxregret,1015.513701304,699929,4674334,1105.344376614,484012,4674334,976.958549037,492627,4674334,995.064016268,490082,4674334,1271.365670851,660274,4674334,1208.851324393,609153,4674334
portgen26-17_maxregret,3600,2527529,_20303515,3600,1637984,_20644600,3600,1838175,_20644441,3600,1815222,_20644603,3600,1902938,_20644441,3600,1858190,_20644441
portgen26-18_maxregret,481.892356204,297397,4404412,393.910334389,159368,4404412,364.204028343,162681,4404412,364.81691581,163925,4404412,521.046931595,240882,4404412,471.838547774,215273,4404412
portgen26-19_maxregret,17.757780165,12098,4073772,24.346852471,10548,4073772,20.279535594,10591,4073772,20.947430985,10594,4073772,22.966895282,12063,4073772,23.677590107,11432,4073772
portgen26-1_maxregret,217.736595609,150217,4293909,136.824503936,59485,4293909,124.258309159,61690,4293909,126.018310885,60658,4293909,201.421658025,102795,4293909,188.379344797,97284,4293909
portgen26-20_maxregret,235.487671857,187557,3713208,164.097223543,74926,3713208,147.571930976,76803,3713208,145.255336222,76635,3713208,241.788178884,138905,3713208,187.310610324,105217,3713208
portgen26-21_maxregret,6.274769602,5189,4212691,8.168474873,4121,4212691,12.381955441,7768,4212691,12.593972898,7590,4212691,6.87848485,4343,4212691,10.115436845,6252,4212691
portgen26-22_maxregret,41.489080969,28804,4601362,52.331353159,25396,4601362,57.243730746,30942,4601362,47.195168541,25920,4601362,43.314444466,23376,4601362,46.167793746,23695,4601362
portgen26-23_maxregret,97.90895894,67180,4406798,124.793689623,58241,4406798,109.150813026,55861,4406798,113.617347253,59141,4406798,114.057237466,60637,4406798,123.752177019,63461,4406798
portgen26-24_maxregret,96.208774582,72950,4086884,103.342026034,48824,4086884,91.283123339,49159,4086884,90.945857709,49211,4086884,115.405001098,67072,4086884,107.377462393,58202,4086884
portgen26-25_maxregret,20.615423756,16000,4389692,21.991456048,12170,4389692,19.860801412,11890,4389692,18.759823808,11728,4389692,24.116290312,13838,4389692,23.437065654,13812,4389692
portgen26-26_maxregret,1426.306795233,1038677,5015390,1202.72467152,571588,5015390,1117.892738446,585678,5015390,1090.725274884,579080,5015390,1400.085495294,775098,5015390,1414.965641813,790251,5015390
portgen26-27_maxregret,89.420358442,59713,4330837,113.301560081,47105,4330837,100.979586248,48307,4330837,97.850869879,46719,4330837,112.776296412,57010,4330837,110.909846462,52037,4330837
portgen26-28_maxregret,62.635944858,38062,4574281,77.30188894,28414,4574281,70.232238124,29734,4574281,66.25798885,29694,4574281,75.190250667,33468,4574281,95.2104697,41482,4574281
portgen26-29_maxregret,39.996290234,30265,4113629,37.57928707,18377,4113629,33.726761206,18470,4113629,34.974635725,18631,4113629,38.253779005,21310,4113629,33.870498845,18446,4113629
portgen26-2_maxregret,251.265916438,156085,4650173,257.656440472,92698,4650173,226.935152212,97645,4650173,226.574701123,96682,4650173,284.759040981,133187,4650173,316.690449352,141720,4650173
portgen26-30_maxregret,25.528922738,20007,4430577,30.703422683,15701,4430577,28.898665337,16316,4430577,29.344007365,16264,4430577,31.316200709,18946,4430577,30.113678251,16978,4430577
portgen26-31_maxregret,265.8257173,171387,4081447,305.050730263,134298,4081447,286.171259812,137834,4081447,284.80371146,138885,4081447,320.269356586,157244,4081447,317.680674328,150660,4081447
portgen26-32_maxregret,78.145695318,58270,4247051,75.674420512,37131,4247051,67.573973135,37549,4247051,69.932688014,40093,4247051,99.69349038,58397,4247051,87.479416984,47162,4247051
portgen26-3_maxregret,421.290128786,268298,4441233,354.030803728,138744,4441233,339.536317571,155326,4441233,339.31213014,154142,4441233,445.158661681,212584,4441233,420.127650594,195662,4441233
portgen26-4_maxregret,60.935594029,47505,4402334,63.24233253,28346,4402334,51.986849734,28594,4402334,52.071833378,28535,4402334,71.52126891,41181,4402334,60.56872667,33089,4402334
portgen26-5_maxregret,16.28426091,13284,4448867,17.855190364,9700,4448867,17.969450214,10950,4448867,17.297721274,10518,4448867,19.826889949,12545,4448867,16.502648955,9958,4448867
portgen26-6_maxregret,49.96955218,42026,4259491,81.249734451,43965,4259491,33.343728289,19773,4259491,51.306392389,30230,4259491,68.524899005,41757,4259491,53.554871084,33183,4259491
portgen26-7_maxregret,3600,2814905,_20301504,2426.497073382,1216405,4480638,2423.428943682,1316418,4480638,2426.355899156,1272367,4480638,3600,2121711,_20642622,3600,2011162,_20642783
portgen26-8_maxregret,255.947676406,188593,4541896,222.431283674,102283,4541896,193.762567093,106059,4541896,189.856572451,103924,4541896,274.991234502,155208,4541896,270.73136561,148703,4541896
portgen26-9_maxregret,487.177038171,342633,4655512,432.865309695,190679,4655512,390.729766571,198926,4655512,387.282228757,198479,4655512,517.820407056,281405,4655512,492.190188541,248933,4655512
portgen28-10_maxregret,269.802739639,191502,4338182,255.165395048,106099,4338182,207.12960327,102680,4338182,211.89346076,104438,4338182,266.640205797,136219,4338182,253.964121123,121019,4338182
portgen28-11_maxregret,3600,2445003,_21869819,3600,1587141,_22293223,3600,1747687,_22293058,3600,1716901,_22293059,3600,1890001,_22293058,3600,1730436,_22293225
portgen28-12_maxregret,2451.095742076,1808002,4873666,1853.799945954,849732,4873666,1756.999220721,871445,4873666,1810.018146723,885223,4873666,2714.122125642,1458417,4873666,2577.326199593,1298182,4873666
portgen28-13_maxregret,905.773457836,627478,3912650,976.462449057,426406,3912650,783.203286166,385976,3912650,863.734505829,427216,3912650,1113.939120684,588491,3912650,946.200185344,456827,3912650
portgen28-14_maxregret,851.863845638,631516,4505599,550.579084693,246172,4505599,504.616558761,251306,4505599,514.803164565,253767,4505599,746.34171623,402762,4505599,764.850406565,388423,4505599
portgen28-15_maxregret,33.903943225,19914,4427088,60.667710697,24825,4427088,52.86513026,24470,4427088,51.544031357,24410,4427088,29.775798338,13770,4427088,26.229012286,11461,4427088
portgen28-16_maxregret,3600,2364517,_21857635,3235.131387804,1368558,4743188,2955.023556163,1407833,4743188,3011.887964022,1412298,4743188,3600,1837072,_22287396,3600,1713824,_22287564
portgen28-17_maxregret,3600,2258540,_21867714,3600,1457077,_22290800,3600,1625052,_22290635,3600,1571819,_22290635,3600,1668501,_22290635,3600,1635096,_22290634
portgen28-18_maxregret,399.848611215,234739,4487399,384.13966604,141839,4487399,330.394958999,141150,4487399,342.530123952,139546,4487399,456.217536696,205710,4487399,434.179838909,181755,4487399
portgen28-19_maxregret,0.34567127,51,4097288,0.477441331,51,4097288,0.477557225,51,4097288,0.476706124,51,4097288,0.459347289,47,4097288,0.472745605,48,4097288
portgen28-1_maxregret,939.25240784,606328,4490889,668.651206233,267327,4490889,584.515839015,272186,4490889,589.132688229,273785,4490889,1013.321442861,501495,4490889,864.510429103,406437,4490889
portgen28-20_maxregret,426.757513148,312593,3819668,319.102588511,130472,3819668,277.220667937,135203,3819668,283.765534053,133311,3819668,403.044285971,225746,3819668,424.129024351,212288,3819668
portgen28-21_maxregret,9.337987636,6066,4258223,11.93282729,4939,4258223,8.691596077,4186,4258223,10.816945732,5065,4258223,10.699766157,5438,4258223,11.379163213,5188,4258223
portgen28-22_maxregret,403.185280002,242929,4677200,486.057294061,194024,4677200,408.90339638,195972,4677200,428.26326767,196799,4677200,442.881881178,222352,4677200,524.42202911,241974,4677200
portgen28-23_maxregret,461.959909482,352859,4465965,658.987089116,312945,4465965,556.759813834,306483,4465965,603.307418364,314530,4465965,412.135766035,232678,4465965,436.025896429,225821,4465965
portgen28-24_maxregret,509.288017735,372755,4334175,780.163664613,358335,4334175,667.507540296,360418,4334175,675.814993329,359762,4334175,613.343201053,351326,4334175,613.34878425,319691,4334175
portgen28-25_maxregret,112.226383779,70696,4402328,131.030250594,53227,4402328,107.002073277,53917,4402328,111.270043823,54159,4402328,124.09564168,60620,4402328,129.814300112,58192,4402328
portgen28-26_maxregret,3600,2513996,_21858361,3600,1661450,_22286991,3600,1836094,_22286993,3600,1766730,_22286994,3600,1933746,_22286993,3600,1776966,_22286825
portgen28-27_maxregret,314.247304371,265687,4346946,304.559319869,148024,4346946,272.673393316,151906,4346946,302.83826568,160584,4346946,316.678212377,193235,4346946,294.435058908,156802,4346946
portgen28-28_maxregret,65.868557535,37387,4621340,130.309581124,45296,4621340,104.759715685,45069,4621340,116.322954664,47213,4621340,76.770271449,33129,4621340,82.579521512,33495,4621340
portgen28-29_maxregret,597.627066577,417981,4173156,1071.999108601,445925,4173156,897.434099375,447004,4173156,956.672320469,457142,4173156,675.296249688,334082,4173156,1009.483575055,495635,4173156
portgen28-2_maxregret,1025.019999815,597986,4730863,982.098333186,344517,4730863,847.873999952,354106,4730863,853.849233352,354247,4730863,1150.270156203,508108,4730863,1094.614698881,430335,4730863
portgen28-30_maxregret,235.297723802,170984,4470093,253.713973657,115482,4470093,224.368068834,118465,4470093,232.996567707,118431,4470093,285.057141604,158012,4470093,272.28602303,144872,4470093
portgen28-31_maxregret,197.266914582,114518,4165010,222.935264288,81480,4165010,196.226838239,88395,4165010,215.907715611,90933,4165010,231.781152523,106844,4165010,237.907132515,99552,4165010
portgen28-32_maxregret,367.333012095,296497,4324153,290.245833977,145315,4324153,261.254512028,151857,4324153,276.719960278,159409,4324153,394.964646613,248535,4324153,391.341093996,225040,4324153
portgen28-3_maxregret,151.792824887,98666,4671977,143.23380759,60256,4671977,141.464760613,66625,4671977,128.540056817,62285,4671977,131.397928614,65886,4671977,149.74782658,78353,4671977
portgen28-4_maxregret,74.069347447,53037,4688462,89.158291425,38561,4688462,74.741454594,38916,4688462,72.112630979,38965,4688462,93.339333294,47857,4688462,89.233239988,44247,4688462
portgen28-5_maxregret,191.916314525,141022,4530597,220.075065281,106719,4530597,177.753139233,98464,4530597,190.607746122,102824,4530597,219.488188305,124643,4530597,247.988927311,136619,4530597
portgen28-6_maxregret,109.643293399,63122,4509012,63.662502197,21477,4509012,59.571843486,21891,4509012,75.735053934,29005,4509012,96.187128054,36344,4509012,96.721462582,35585,4509012
portgen28-7_maxregret,3600,2763343,_21869503,3600,1669087,_22293075,3600,1807427,_22293077,3600,1770663,_22293078,3600,2112251,_22293077,3600,1968724,_22292742
portgen28-8_maxregret,3600,2614638,_21866227,3600,1663028,_22289586,1238.117838636,706002,4710251,1202.479640067,679386,4710251,3600,2013197,_22289253,3600,1920122,_22289588
portgen28-9_maxregret,294.492077279,174338,4777339,264.353592386,94598,4777339,227.083802335,98486,4777339,224.91289743,96184,4777339,297.916729325,133799,4777339,280.658831688,117949,4777339
